Train_Loss, Train_Accuracy, Val_Loss, Val_Accuracy,epoch
0.29536086376197324,0.8800999518930595,0.24023408373401617,0.8974958294330071,
