loss,RMSE,mean_absolute_error,val_loss,val_RMSE,val_mean_absolute_error,epoch
0.0706806649629215,0.256912998645828,0.16867912120572973,0.0534960437034158,0.22283556177774885,0.14974801846134475,1
