Train_Loss,Train_Accuracy,Val_Loss,Val_Accuracy,epoch
0.442657248,0.825659622,0.397747482,0.842779053,1
0.39177256,0.845985813,0.398660602,0.842337596,2
