Train_Loss,Train_Accuracy,Val_Loss,Val_Accuracy,epoch
0.39177255990638615,0.8459858129852366,0.39866060198606,0.8423375962285778,0
