Train_Loss,Train_Accuracy,Val_Loss,Val_Accuracy,epoch
0.44265724808320983,0.8256596221481779,0.3977474816887266,0.8427790534371044,0
